site,avgfracsurvive,maxfracsurvive
82,0.15159450107355124,0.5210233317627314
81,0.0783495021483384,0.3815757139396296
80,0.03975471644300818,0.23079849613853715
83,0.014838890504523247,0.18786870080732784
-8,0.007598416246394939,0.14436990868150384
251,0.0010066762615881977,0.019041679470358102
207,0.0008285298991626939,0.015742068084091183
280,0.0007997697006681088,0.015017800460427768
(HA2)65,0.00030557046360076267,0.0058058388084144905
53,0.00024962741664496396,0.004652382508381104
275,0.00015060607968290206,0.002861515513975139
(HA2)5,0.00010439912871130194,0.001983583445514734
177,9.878049377675523e-05,0.0010318837198071123
(HA2)76,9.49128987164807e-05,0.0016701596022921535
133,9.37542277605569e-05,0.0009741928595535119
124,9.357511031752132e-05,0.001777927096032905
287,9.309461782293635e-05,0.0017687977386357907
282,9.240690916963663e-05,0.0017557312742230958
260,8.139029036414688e-05,0.0015464155169187907
220,7.703086722446393e-05,0.0014635864772648145
(HA2)32,7.176751188275467e-05,0.0013635827257723386
(HA2)127,6.366647461965629e-05,0.0011194032369945552
125,6.023207659096707e-05,0.0008427562719432602
328,5.932648239125113e-05,0.001092221798575749
148,5.7535839224210996e-05,0.001093180945260009
(HA2)163,5.305635571573097e-05,0.0010080707585988884
(HA2)75,5.216150272429801e-05,0.0008364372270950508
119C,4.9291933399124905e-05,0.0005288296785873703
234,4.897030982696243e-05,0.0008350476797260488
137,4.7777458391917496e-05,0.0009077717094464324
283,4.703423491260249e-05,0.0008936504633394473
308,4.6339404774751665e-05,0.0008804486907202817
(HA2)173,4.6260524440704406e-05,0.0008789499643733807
71,4.316913253219956e-05,0.0008202135181117915
129,4.224096489698472e-05,0.0004346258709174648
-9,4.161116104928564e-05,0.0005683913574974966
196,4.11751300555115e-05,0.0007823274710547176
(HA2)108,4.0438826748877645e-05,0.0007683377082286718
143,3.895136628940532e-05,0.0005375394882100774
236,3.8300151545563664e-05,0.00038295050386639914
161,3.825357195290878e-05,0.0005683162246805537
(HA2)52,3.74009743272445e-05,0.0007106185122176456
(HA2)192,3.71898182638792e-05,0.0007066065470137048
(HA2)30,3.661883353102621e-05,0.000679089663620925
13,3.5971705946370735e-05,0.000683462412981044
(HA2)96,3.5774698940354487e-05,0.0006797192798667352
(HA2)86,3.5384274749393306e-05,0.0006723012202384728
273,3.5198474071951736e-05,0.0006687710073670829
(HA2)92,3.4172493807315165e-05,0.0006492773823389881
265,3.361771921751911e-05,0.0006387366651328631
43,3.3104030266805894e-05,0.000390976575069312
38,3.081474290196731e-05,0.000585480115137379
(HA2)141,3.069340162299567e-05,0.0005020537636282458
98,3.01292368067727e-05,0.0005724554993286813
(HA2)144,3.005523099782512e-05,0.00045608030471644883
314,2.9149176812262136e-05,0.00035235932315027065
58,2.8404740569382888e-05,0.0005396900708182749
169,2.8026704748346367e-05,0.000532507390218581
(HA2)197,2.7843515732550474e-05,0.0005219218880057039
(HA2)165,2.763153498195467e-05,0.0005249991646571388
153,2.660478718952064e-05,0.00025749095660089217
297,2.613587848311399e-05,0.0004965816911791658
172,2.5950367971895752e-05,0.00037828194291877567
(HA2)94,2.5742114003408447e-05,0.00047497724941172805
249,2.5277796919715983e-05,0.00048027814147460086
173,2.5052631578947453e-05,0.0004760000000000003
14,2.505263157894737e-05,0.0004760000000000001
(HA2)113,2.5032725167703067e-05,0.0004756217781863583
146,2.472608142487954e-05,0.00046979554707271125
(HA2)200,2.4490610866696613e-05,0.00046532160646723563
315,2.4097626941629403e-05,0.000289596527890959
158,2.3872554380454247e-05,0.0004535785332286307
15,2.3833123288924697e-05,0.00045282934248956923
235,2.3673763813343102e-05,0.00044980151245351896
-4,2.3574116466945725e-05,0.00044790821287196876
198,2.3463894770939086e-05,0.0004458140006478424
106,2.32794391828768e-05,0.0004423093444746588
(HA2)10,2.288754102945084e-05,0.0002174316397797818
(HA2)6,2.2161223297854606e-05,0.00031958020530105727
199,2.2049288688715215e-05,0.00041893648508558885
18,2.1995596870962627e-05,0.00041791634054828966
35,2.104841738082655e-05,0.0003999199302357045
101,2.095156696259632e-05,0.0002993160932366172
318,2.0916916318751227e-05,0.0003974214100562733
2,2.0622574973931222e-05,0.0003918289245046932
322,2.0363116513969264e-05,0.000386899213765416
(HA2)211,2.0362427159356805e-05,0.0003046654313465947
(HA2)71,2.031989744864139e-05,0.0001808123157169548
36,1.9581148393345515e-05,0.0003720418194735648
149,1.9549542662898157e-05,0.000371441310595065
281,1.860416204987387e-05,0.0003534790789476035
325,1.8480168539723745e-05,0.00035112320225475115
87,1.8354576918486827e-05,0.00034873696145124733
(HA2)73,1.774584563367146e-05,0.0003371710670397577
107,1.773842180152472e-05,0.00033703001422896966
(HA2)28,1.762693776907617e-05,0.0003349118176124472
(HA2)81,1.758692649992328e-05,0.00033415160349854213
(HA2)210,1.7301601851339195e-05,0.0003287304351754447
230,1.708758860588118e-05,0.0003246641835117424
34,1.6909725448548693e-05,0.00016183014799046077
(HA2)138,1.680250641500787e-05,0.0003192476218851495
-3,1.675363264148651e-05,0.0003183190201882437
(HA2)205,1.631087406983669e-05,0.00022774275643939608
253,1.6149952361415235e-05,0.00030684909486688924
(HA2)221,1.604939206214577e-05,0.00028762435437264364
70,1.5771864978587073e-05,0.0002996654345931544
37,1.567314487051567e-05,0.00023799999999999996
237,1.5393349800494014e-05,0.00029247364620938626
96,1.51859073376555e-05,0.0002885322394154545
(HA2)131,1.5039254960915042e-05,0.0002857458442573858
119A,1.4985528952227725e-05,0.0002348493593828812
4,1.4696704845124096e-05,0.0002792373920573578
(HA2)70,1.4377477882277317e-05,0.00027317207976326903
232,1.3859621944160629e-05,0.0002624299507043789
(HA2)190,1.3755764052284321e-05,0.0002613595169934021
295,1.3218383837451806e-05,0.0002511492929115843
(HA2)217,1.305263157894747e-05,0.0002480000000000002
180,1.3052631578947378e-05,0.0002480000000000002
244,1.305263157894737e-05,0.000248
195,1.305263157894737e-05,0.000248
155,1.3052631578947352e-05,0.0002479999999999997
12,1.2526315789473774e-05,0.0002380000000000004
47,1.2526315789473774e-05,0.00023799999999999996
313,1.2526315789473747e-05,0.0002380000000000001
33,1.2526315789473689e-05,0.0002380000000000001
(HA2)123,1.2526315789473682e-05,0.00023799999999999996
165,1.2526315789473682e-05,0.00023799999999999996
228,1.2526315789473669e-05,0.0002379999999999997
20,1.2526315789473669e-05,0.0002379999999999997
159,1.2372163229816881e-05,0.00023507110136652075
(HA2)188,1.2050042627603094e-05,0.00022895080992445878
279,1.1964325196984139e-05,0.00022732217874269864
108,1.1877529831601637e-05,0.00014609667110778118
225,1.1550647529457738e-05,0.00021404952419903095
32,1.0777065923794371e-05,0.00020476425255209306
123,1.0640291561633621e-05,0.00020216553967103881
151,1.059617655076305e-05,0.00016901154091238406
(HA2)107,1.0444443640545912e-05,0.00019844442917037232
(HA2)42,1.0404827928931983e-05,0.00010747116476388337
(HA2)79,1.0388525861077027e-05,0.00019738199136046328
192,9.791432112280085e-06,0.0001860372101333216
(HA2)218,9.74184874396913e-06,0.00015511688598456226
(HA2)199,9.718553238862802e-06,0.00011793769575859941
112,9.675065466100622e-06,0.0001838262438559118
170,9.66826389967438e-06,0.00018369701409381322
(HA2)31,9.148750130330018e-06,0.0001738262524762675
(HA2)29,9.034732193643818e-06,0.00017165991167923124
39,8.985557865706476e-06,0.0001286882500843639
166,8.94921758482414e-06,0.00017003513411165865
22,8.534997685161536e-06,0.0001621649560180692
(HA2)83,8.403369006458789e-06,0.00015966401112271699
79,8.283791535321183e-06,0.00015739203917110246
184,8.277507657783485e-06,0.00015727264549788623
(HA2)51,8.147203869612363e-06,0.00015479687352263488
(HA2)1,8.086999037494255e-06,0.00015365298171239085
(HA2)19,7.864167943578298e-06,0.00014941919092798764
(HA2)17,7.767842370646785e-06,8.876642911091076e-05
210,7.682471300981901e-06,0.0001459669547186561
97,7.599217882416734e-06,0.00014438513976591794
(HA2)209,7.386199794149951e-06,0.00014033779608884907
(HA2)162,7.194647421117004e-06,0.00013669830100122306
(HA2)153,7.190280309984236e-06,0.00013661532588970049
(HA2)90,7.005239928529219e-06,9.630887552397236e-05
126,6.818166920701395e-06,0.0001295451714933265
(HA2)216,6.725442787284102e-06,0.00012778341295839794
152,6.232675480405538e-06,0.000118420834127705
168,6.159853098334683e-06,0.00011703720886835898
(HA2)169,6.156695190792907e-06,0.00011697720862506524
(HA2)189,6.0543730450725166e-06,0.00010715724092818199
(HA2)116,5.949480242938777e-06,0.00011304012461583676
247,5.939074475240909e-06,0.00011284241502957728
277,5.930522882835523e-06,0.00011267993477387493
(HA2)7,5.790513288201006e-06,0.00011001975247581911
(HA2)167,5.761621158171369e-06,0.00010947080200525601
258,5.721120415645204e-06,0.00010870128789725888
250,5.72084269096704e-06,0.00010869601112837375
(HA2)85,5.683914381409701e-06,0.00010799437324678432
(HA2)102,5.680643400005345e-06,0.00010793222460010156
(HA2)60,5.673625232582255e-06,0.0001077988794190624
76,5.565813271151311e-06,0.00010575045215187491
(HA2)152,5.4934892184824146e-06,0.00010437629515116588
(HA2)213,5.491451128270706e-06,0.00010433757143714341
257,5.358557844375489e-06,0.00010181259904313428
(HA2)13,5.175369232162653e-06,9.83320154110904e-05
51,5.137804109644969e-06,9.761827808325441e-05
(HA2)41,5.033619289625773e-06,9.563876650288947e-05
(HA2)143,5.004876156874102e-06,9.509264698060794e-05
(HA2)54,4.8843892524014315e-06,9.280339579562568e-05
261,4.873489597262271e-06,9.259630234798315e-05
269,4.868902929084846e-06,9.250915565261164e-05
(HA2)101,4.836179051507389e-06,7.27883036674053e-05
52,4.779462968129347e-06,9.08097963944576e-05
48,4.571231855800204e-06,8.685340526020388e-05
44,4.534764995513245e-06,8.616053491475166e-05
(HA2)11,4.362445451030182e-06,8.288646356957325e-05
204,4.272311955443714e-06,8.117392715343056e-05
164,4.224360683182934e-06,8.026285298047575e-05
267,4.012919420463729e-06,7.624546898881085e-05
321,3.8699007072569095e-06,7.352811343788127e-05
78A,3.8142459254588613e-06,7.247067258371836e-05
109,3.811077131864106e-06,7.24104655054165e-05
(HA2)59,3.6469841460911597e-06,6.929269877573203e-05
(HA2)44,3.5917432006131878e-06,6.824312081165056e-05
(HA2)93,3.3425778742217443e-06,6.350897961021314e-05
(HA2)111,3.1593999357428607e-06,6.0028598779114353e-05
(HA2)35,3.081276820321932e-06,5.854425958611671e-05
(HA2)24,2.945201014966157e-06,5.5958819284356986e-05
120,2.9302578738019366e-06,5.5674899602236795e-05
(HA2)187,2.8377003963170416e-06,5.391630753002379e-05
217,2.3327988657910817e-06,4.4323178450030335e-05
(HA2)110,2.1941949117501963e-06,4.168970332325351e-05
66,1.817241092522446e-06,3.4527580757926474e-05
(HA2)170,1.6250265422425039e-06,3.087550430260714e-05
(HA2)74,1.5454942094046231e-06,2.936438997868784e-05
(HA2)91,1.5246722202379163e-06,2.896877218452041e-05
291,1.4571032401775958e-06,2.7684961563374322e-05
(HA2)139,1.4559218205911096e-06,2.7662514591231084e-05
139,1.2623771080966926e-06,2.398516505383716e-05
127,1.0622501249869021e-06,2.018275237475114e-05
119B,9.292512841174193e-07,1.7655774398230968e-05
102,4.904173601584492e-07,9.317929843010536e-06
229,4.797306759171503e-07,9.114882842425854e-06
64,3.9063260552764125e-07,7.422019505023015e-06
219,3.531509410586459e-07,6.709867880114272e-06
238,1.5273543776498285e-07,2.9019733175346743e-06
293,9.466241381365058e-08,1.798585862459361e-06
191,4.7209729757847346e-08,8.969848653990996e-07
72,1.7118981670823754e-19,2.168404344971009e-19
6,1.597771622610217e-19,4.336808689942018e-19
85,1.4836450781380587e-19,2.168404344971009e-19
84,1.4836450781380587e-19,2.168404344971009e-19
(HA2)97,1.3695185336659003e-19,2.168404344971009e-19
121,1.3695185336659003e-19,2.168404344971009e-19
178,1.3695185336659003e-19,2.168404344971009e-19
(HA2)194,1.255391989193742e-19,2.168404344971009e-19
(HA2)214,1.255391989193742e-19,2.168404344971009e-19
119,1.255391989193742e-19,4.336808689942018e-19
(HA2)182,1.1412654447215836e-19,2.168404344971009e-19
17,1.0271389002494252e-19,2.168404344971009e-19
(HA2)109,1.0271389002494252e-19,2.168404344971009e-19
19,1.0271389002494252e-19,2.168404344971009e-19
270,9.130123557772668e-20,2.168404344971009e-19
(HA2)151,9.130123557772668e-20,2.168404344971009e-19
324,9.130123557772668e-20,2.168404344971009e-19
(HA2)112,7.988858113051085e-20,2.168404344971009e-19
(HA2)207,6.847592668329501e-20,2.168404344971009e-19
(HA2)208,6.847592668329501e-20,2.168404344971009e-19
40,5.706327223607918e-20,2.168404344971009e-19
200,4.565061778886334e-20,2.168404344971009e-19
128,4.565061778886334e-20,2.168404344971009e-19
209,4.565061778886334e-20,2.168404344971009e-19
221,3.4237963341647507e-20,2.168404344971009e-19
(HA2)47,3.4237963341647507e-20,2.168404344971009e-19
(HA2)164,3.4237963341647507e-20,2.168404344971009e-19
62,3.4237963341647507e-20,2.168404344971009e-19
(HA2)185,3.4237963341647507e-20,2.168404344971009e-19
7,3.4237963341647507e-20,6.505213034913027e-19
75,2.282530889443167e-20,2.168404344971009e-19
95,2.282530889443167e-20,4.336808689942018e-19
(HA2)175,2.282530889443167e-20,4.336808689942018e-19
11,2.282530889443167e-20,2.168404344971009e-19
(HA2)186,2.282530889443167e-20,2.168404344971009e-19
276,2.282530889443167e-20,2.168404344971009e-19
189,2.282530889443167e-20,4.336808689942018e-19
(HA2)219,2.282530889443167e-20,2.168404344971009e-19
(HA2)25,2.282530889443167e-20,2.168404344971009e-19
69,1.1412654447215836e-20,2.168404344971009e-19
61,1.1412654447215836e-20,2.168404344971009e-19
56A,1.1412654447215836e-20,2.168404344971009e-19
5,1.1412654447215836e-20,2.168404344971009e-19
41,1.1412654447215836e-20,2.168404344971009e-19
327A,1.1412654447215836e-20,2.168404344971009e-19
31,1.1412654447215836e-20,2.168404344971009e-19
289,1.1412654447215836e-20,2.168404344971009e-19
256,1.1412654447215836e-20,2.168404344971009e-19
203,1.1412654447215836e-20,2.168404344971009e-19
99,1.1412654447215836e-20,2.168404344971009e-19
(HA2)215,1.1412654447215836e-20,2.168404344971009e-19
(HA2)106,1.1412654447215836e-20,2.168404344971009e-19
-6,1.1412654447215836e-20,2.168404344971009e-19
104,1.1412654447215836e-20,2.168404344971009e-19
(HA2)140,1.1412654447215836e-20,2.168404344971009e-19
(HA2)36,1.1412654447215836e-20,2.168404344971009e-19
111,1.1412654447215836e-20,2.168404344971009e-19
(HA2)198,1.1412654447215836e-20,2.168404344971009e-19
(HA2)3,1.1412654447215836e-20,2.168404344971009e-19
(HA2)57,1.1412654447215836e-20,2.168404344971009e-19
(HA2)61,1.1412654447215836e-20,2.168404344971009e-19
(HA2)147,1.1412654447215836e-20,2.168404344971009e-19
(HA2)67,1.1412654447215836e-20,2.168404344971009e-19
(HA2)69,1.1412654447215836e-20,2.168404344971009e-19
132,1.1412654447215836e-20,2.168404344971009e-19
(HA2)174,0.0,0.0
(HA2)168,0.0,0.0
306,0.0,0.0
307,0.0,0.0
(HA2)183,0.0,0.0
309,0.0,0.0
(HA2)181,0.0,0.0
310,0.0,0.0
311,0.0,0.0
312,0.0,0.0
(HA2)180,0.0,0.0
(HA2)18,0.0,0.0
(HA2)166,0.0,0.0
316,0.0,0.0
(HA2)179,0.0,0.0
(HA2)176,0.0,0.0
327,0.0,0.0
317,0.0,0.0
(HA2)178,0.0,0.0
319,0.0,0.0
304,0.0,0.0
326,0.0,0.0
(HA2)171,0.0,0.0
(HA2)177,0.0,0.0
(HA2)172,0.0,0.0
323,0.0,0.0
320,0.0,0.0
305,0.0,0.0
30,0.0,0.0
303,0.0,0.0
28,0.0,0.0
285,0.0,0.0
284,0.0,0.0
(HA2)2,0.0,0.0
(HA2)20,0.0,0.0
(HA2)201,0.0,0.0
(HA2)202,0.0,0.0
(HA2)203,0.0,0.0
288,0.0,0.0
278,0.0,0.0
(HA2)204,0.0,0.0
(HA2)206,0.0,0.0
(HA2)21,0.0,0.0
274,0.0,0.0
(HA2)212,0.0,0.0
286,0.0,0.0
(HA2)196,0.0,0.0
302,0.0,0.0
(HA2)184,0.0,0.0
301,0.0,0.0
300,0.0,0.0
(HA2)160,0.0,0.0
3,0.0,0.0
299,0.0,0.0
298,0.0,0.0
296,0.0,0.0
29,0.0,0.0
(HA2)191,0.0,0.0
294,0.0,0.0
(HA2)193,0.0,0.0
292,0.0,0.0
(HA2)195,0.0,0.0
290,0.0,0.0
(HA2)161,0.0,0.0
138,0.0,0.0
(HA2)16,0.0,0.0
(HA2)122,0.0,0.0
(HA2)119,0.0,0.0
(HA2)12,0.0,0.0
(HA2)120,0.0,0.0
(HA2)121,0.0,0.0
78,0.0,0.0
77,0.0,0.0
(HA2)124,0.0,0.0
68,0.0,0.0
74,0.0,0.0
73,0.0,0.0
(HA2)125,0.0,0.0
(HA2)126,0.0,0.0
(HA2)128,0.0,0.0
(HA2)129,0.0,0.0
(HA2)118,0.0,0.0
(HA2)117,0.0,0.0
(HA2)115,0.0,0.0
(HA2)114,0.0,0.0
86,0.0,0.0
88,0.0,0.0
89,0.0,0.0
90,0.0,0.0
91,0.0,0.0
92,0.0,0.0
93,0.0,0.0
93A,0.0,0.0
94,0.0,0.0
(HA2)105,0.0,0.0
(HA2)104,0.0,0.0
(HA2)103,0.0,0.0
(HA2)100,0.0,0.0
(HA2)130,0.0,0.0
67,0.0,0.0
(HA2)159,0.0,0.0
(HA2)15,0.0,0.0
(HA2)146,0.0,0.0
49,0.0,0.0
(HA2)148,0.0,0.0
46,0.0,0.0
45,0.0,0.0
(HA2)149,0.0,0.0
42,0.0,0.0
(HA2)132,0.0,0.0
(HA2)150,0.0,0.0
(HA2)154,0.0,0.0
(HA2)155,0.0,0.0
(HA2)156,0.0,0.0
272,0.0,0.0
(HA2)158,0.0,0.0
50,0.0,0.0
(HA2)145,0.0,0.0
(HA2)142,0.0,0.0
54,0.0,0.0
55,0.0,0.0
56,0.0,0.0
(HA2)14,0.0,0.0
57,0.0,0.0
(HA2)137,0.0,0.0
59,0.0,0.0
(HA2)136,0.0,0.0
60,0.0,0.0
(HA2)135,0.0,0.0
(HA2)134,0.0,0.0
63,0.0,0.0
(HA2)133,0.0,0.0
65,0.0,0.0
(HA2)157,0.0,0.0
(HA2)220,0.0,0.0
271,0.0,0.0
181,0.0,0.0
187,0.0,0.0
186,0.0,0.0
185,0.0,0.0
(HA2)95,0.0,0.0
183,0.0,0.0
182,0.0,0.0
(HA2)98,0.0,0.0
-5,0.0,0.0
(HA2)99,0.0,0.0
179,0.0,0.0
-1,0.0,0.0
-2,0.0,0.0
176,0.0,0.0
175,0.0,0.0
188,0.0,0.0
(HA2)9,0.0,0.0
(HA2)89,0.0,0.0
190,0.0,0.0
(HA2)88,0.0,0.0
(HA2)87,0.0,0.0
193,0.0,0.0
194,0.0,0.0
(HA2)84,0.0,0.0
(HA2)82,0.0,0.0
197,0.0,0.0
(HA2)80,0.0,0.0
(HA2)8,0.0,0.0
(HA2)78,0.0,0.0
(HA2)77,0.0,0.0
(HA2)72,0.0,0.0
201,0.0,0.0
174,0.0,0.0
171,0.0,0.0
27,0.0,0.0
147,0.0,0.0
116,0.0,0.0
117,0.0,0.0
150,0.0,0.0
118,0.0,0.0
122,0.0,0.0
130,0.0,0.0
131,0.0,0.0
-7,0.0,0.0
145,0.0,0.0
144,0.0,0.0
134,0.0,0.0
141,0.0,0.0
140,0.0,0.0
135,0.0,0.0
115,0.0,0.0
154,0.0,0.0
114,0.0,0.0
156,0.0,0.0
157,0.0,0.0
113,0.0,0.0
16,0.0,0.0
160,0.0,0.0
110,0.0,0.0
162,0.0,0.0
163,0.0,0.0
105,0.0,0.0
103,0.0,0.0
167,0.0,0.0
100,0.0,0.0
10,0.0,0.0
1,0.0,0.0
202,0.0,0.0
(HA2)68,0.0,0.0
205,0.0,0.0
(HA2)39,0.0,0.0
(HA2)34,0.0,0.0
252,0.0,0.0
(HA2)37,0.0,0.0
25,0.0,0.0
(HA2)38,0.0,0.0
248,0.0,0.0
246,0.0,0.0
206,0.0,0.0
245,0.0,0.0
(HA2)4,0.0,0.0
243,0.0,0.0
242,0.0,0.0
241,0.0,0.0
240,0.0,0.0
254,0.0,0.0
255,0.0,0.0
(HA2)33,0.0,0.0
(HA2)27,0.0,0.0
259,0.0,0.0
26,0.0,0.0
(HA2)26,0.0,0.0
(HA2)23,0.0,0.0
262,0.0,0.0
263,0.0,0.0
263A,0.0,0.0
264,0.0,0.0
(HA2)222,0.0,0.0
266,0.0,0.0
136,0.0,0.0
268,0.0,0.0
(HA2)22,0.0,0.0
24,0.0,0.0
239,0.0,0.0
(HA2)40,0.0,0.0
222,0.0,0.0
208,0.0,0.0
(HA2)66,0.0,0.0
21,0.0,0.0
(HA2)64,0.0,0.0
211,0.0,0.0
212,0.0,0.0
213,0.0,0.0
214,0.0,0.0
215,0.0,0.0
216,0.0,0.0
(HA2)63,0.0,0.0
218,0.0,0.0
(HA2)62,0.0,0.0
(HA2)58,0.0,0.0
223,0.0,0.0
(HA2)43,0.0,0.0
224,0.0,0.0
(HA2)56,0.0,0.0
226,0.0,0.0
227,0.0,0.0
(HA2)55,0.0,0.0
(HA2)53,0.0,0.0
23,0.0,0.0
(HA2)50,0.0,0.0
231,0.0,0.0
(HA2)49,0.0,0.0
233,0.0,0.0
(HA2)48,0.0,0.0
(HA2)46,0.0,0.0
(HA2)45,0.0,0.0
142,0.0,0.0
